<?xml version="1.0" encoding="UTF-8"?>
<metadata xml:lang="en"><Esri><CreaDate>20200917</CreaDate><CreaTime>11050900</CreaTime><ArcGISFormat>1.0</ArcGISFormat><SyncOnce>FALSE</SyncOnce><DataProperties><lineage><Process ToolSource="c:\program files\arcgis\pro\Resources\ArcToolbox\Toolboxes\Data Management Tools.tbx\CreateFeatureclass" Date="20151113" Time="120504">CreateFeatureclass C:\dt\quests\at201309131330_snapping_points_to_rivergrid\data\master.gdb catchments_v2016 Polygon # No No "PROJCS['British_National_Grid',GEOGCS['GCS_OSGB_1936',DATUM['D_OSGB_1936',SPHEROID['Airy_1830',6377563.396,299.3249646]],PRIMEM['Greenwich',0.0],UNIT['Degree',0.0174532925199433]],PROJECTION['Transverse_Mercator'],PARAMETER['False_Easting',400000.0],PARAMETER['False_Northing',-100000.0],PARAMETER['Central_Meridian',-2.0],PARAMETER['Scale_Factor',0.9996012717],PARAMETER['Latitude_Of_Origin',49.0],UNIT['Meter',1.0]];-5220400 -15524400 10000;-100000 10000;-100000 10000;0.001;0.001;0.001;IsHighPrecision" # 0 0 0</Process><Process ToolSource="c:\program files\arcgis\pro\Resources\ArcToolbox\Toolboxes\Data Management Tools.tbx\AddField" Date="20151113" Time="120504">AddField C:\dt\quests\at201309131330_snapping_points_to_rivergrid\data\master.gdb\catchments_v2016 ugID "Long (large integer)" # # # # NULLABLE NON_REQUIRED #</Process><Process ToolSource="c:\program files\arcgis\pro\Resources\ArcToolbox\Toolboxes\Data Management Tools.tbx\AddField" Date="20151113" Time="120719">AddField C:\dt\quests\at201309131330_snapping_points_to_rivergrid\data\master.gdb\catchments_v2016 zn "Short (small integer)" # # # # NULLABLE NON_REQUIRED #</Process><Process ToolSource="c:\program files\arcgis\pro\Resources\ArcToolbox\Toolboxes\Data Management Tools.tbx\AddField" Date="20151113" Time="120719">AddField C:\dt\quests\at201309131330_snapping_points_to_rivergrid\data\master.gdb\catchments_v2016 east "Long (large integer)" # # # # NULLABLE NON_REQUIRED #</Process><Process ToolSource="c:\program files\arcgis\pro\Resources\ArcToolbox\Toolboxes\Data Management Tools.tbx\AddField" Date="20151113" Time="120719">AddField C:\dt\quests\at201309131330_snapping_points_to_rivergrid\data\master.gdb\catchments_v2016 north "Long (large integer)" # # # # NULLABLE NON_REQUIRED #</Process><Process ToolSource="c:\program files\arcgis\pro\Resources\ArcToolbox\Toolboxes\Data Management Tools.tbx\AddField" Date="20151113" Time="120720">AddField C:\dt\quests\at201309131330_snapping_points_to_rivergrid\data\master.gdb\catchments_v2016 ceast "Long (large integer)" # # # # NULLABLE NON_REQUIRED #</Process><Process ToolSource="c:\program files\arcgis\pro\Resources\ArcToolbox\Toolboxes\Data Management Tools.tbx\AddField" Date="20151113" Time="120720">AddField C:\dt\quests\at201309131330_snapping_points_to_rivergrid\data\master.gdb\catchments_v2016 cnorth "Long (large integer)" # # # # NULLABLE NON_REQUIRED #</Process><Process ToolSource="c:\program files\arcgis\pro\Resources\ArcToolbox\Toolboxes\Data Management Tools.tbx\AddField" Date="20151113" Time="120721">AddField C:\dt\quests\at201309131330_snapping_points_to_rivergrid\data\master.gdb\catchments_v2016 kmsq "Double  (double precision)" # # # # NULLABLE NON_REQUIRED #</Process><Process ToolSource="c:\program files\arcgis\pro\Resources\ArcToolbox\Toolboxes\Data Management Tools.tbx\AddField" Date="20151113" Time="120721">AddField C:\dt\quests\at201309131330_snapping_points_to_rivergrid\data\master.gdb\catchments_v2016 sr41 "Short (small integer)" # # # # NULLABLE NON_REQUIRED #</Process><Process ToolSource="c:\program files\arcgis\pro\Resources\ArcToolbox\Toolboxes\Data Management Tools.tbx\AddField" Date="20151113" Time="120722">AddField C:\dt\quests\at201309131330_snapping_points_to_rivergrid\data\master.gdb\catchments_v2016 sr61 "Short (small integer)" # # # # NULLABLE NON_REQUIRED #</Process><Process ToolSource="c:\program files\arcgis\pro\Resources\ArcToolbox\Toolboxes\Data Management Tools.tbx\AddField" Date="20151113" Time="120722">AddField C:\dt\quests\at201309131330_snapping_points_to_rivergrid\data\master.gdb\catchments_v2016 pote "Short (small integer)" # # # # NULLABLE NON_REQUIRED #</Process><Process ToolSource="c:\program files\arcgis\pro\Resources\ArcToolbox\Toolboxes\Data Management Tools.tbx\AddField" Date="20151113" Time="120723">AddField C:\dt\quests\at201309131330_snapping_points_to_rivergrid\data\master.gdb\catchments_v2016 ae41 "Short (small integer)" # # # # NULLABLE NON_REQUIRED #</Process><Process ToolSource="c:\program files\arcgis\pro\Resources\ArcToolbox\Toolboxes\Data Management Tools.tbx\AddField" Date="20151113" Time="120723">AddField C:\dt\quests\at201309131330_snapping_points_to_rivergrid\data\master.gdb\catchments_v2016 ae61 "Short (small integer)" # # # # NULLABLE NON_REQUIRED #</Process><Process ToolSource="c:\program files\arcgis\pro\Resources\ArcToolbox\Toolboxes\Data Management Tools.tbx\AddField" Date="20151113" Time="120723">AddField C:\dt\quests\at201309131330_snapping_points_to_rivergrid\data\master.gdb\catchments_v2016 ro41 "Short (small integer)" # # # # NULLABLE NON_REQUIRED #</Process><Process ToolSource="c:\program files\arcgis\pro\Resources\ArcToolbox\Toolboxes\Data Management Tools.tbx\AddField" Date="20151113" Time="120724">AddField C:\dt\quests\at201309131330_snapping_points_to_rivergrid\data\master.gdb\catchments_v2016 ro61 "Short (small integer)" # # # # NULLABLE NON_REQUIRED #</Process><Process ToolSource="c:\program files\arcgis\pro\Resources\ArcToolbox\Toolboxes\Data Management Tools.tbx\AddField" Date="20151113" Time="120724">AddField C:\dt\quests\at201309131330_snapping_points_to_rivergrid\data\master.gdb\catchments_v2016 flow41 "Double  (double precision)" # # # # NULLABLE NON_REQUIRED #</Process><Process ToolSource="c:\program files\arcgis\pro\Resources\ArcToolbox\Toolboxes\Data Management Tools.tbx\AddField" Date="20151113" Time="120724">AddField C:\dt\quests\at201309131330_snapping_points_to_rivergrid\data\master.gdb\catchments_v2016 flow61 "Double  (double precision)" # # # # NULLABLE NON_REQUIRED #</Process><Process ToolSource="c:\program files\arcgis\pro\Resources\ArcToolbox\Toolboxes\Data Management Tools.tbx\AddField" Date="20151113" Time="120725">AddField C:\dt\quests\at201309131330_snapping_points_to_rivergrid\data\master.gdb\catchments_v2016 msg Text # # 200 # NULLABLE NON_REQUIRED #</Process><Process ToolSource="C:\dt\shared\Tools\Toolbox.tbx\CatchmentsTstcd" Date="20151113" Time="120725">CatchmentsTstcd C:\dt\quests\at201309131330_snapping_points_to_rivergrid\data\scratch.gdb\pts39 2 "PROJCS['British_National_Grid',GEOGCS['GCS_OSGB_1936',DATUM['D_OSGB_1936',SPHEROID['Airy_1830',6377563.396,299.3249646]],PRIMEM['Greenwich',0.0],UNIT['Degree',0.0174532925199433]],PROJECTION['Transverse_Mercator'],PARAMETER['False_Easting',400000.0],PARAMETER['False_Northing',-100000.0],PARAMETER['Central_Meridian',-2.0],PARAMETER['Scale_Factor',0.9996012717],PARAMETER['Latitude_Of_Origin',49.0],UNIT['Meter',1.0]];-5220400 -15524400 10000;-100000 10000;-100000 10000;0.001;0.001;0.001;IsHighPrecision" DTM_EASTING DTM_NORTHING STATION 27700 "DTM_EASTING is not NULL and DTM_NORTHING is not NULL" C:\dt\quests\at201309131330_snapping_points_to_rivergrid\data\master.gdb\catchments_v2016 C:\dt\portables\putty\plink.exe 192.171.172.65 filkra c:/TEMP/pwd.txt /users/wrmod/filkra/catchmentdelineation/callTstcd.py U:\catchmentdelineation\callTstcd.py C:\dt\quests\at201309131330_snapping_points_to_rivergrid\data\scratch.gdb\errors14 C:\Users\filkra\AppData\Local\Temp\log_tstcdimp_20151113120114_gdt7qup4.txt</Process><Process ToolSource="c:\program files\arcgis\pro\Resources\ArcToolbox\Toolboxes\Data Management Tools.tbx\AddField" Date="20151113" Time="120726">AddField C:\dt\quests\at201309131330_snapping_points_to_rivergrid\data\master.gdb\catchments_v2016 STATION "Long (large integer)" # # # # NULLABLE NON_REQUIRED #</Process><Process ToolSource="c:\program files\arcgis\pro\Resources\ArcToolbox\Toolboxes\Data Management Tools.tbx\CalculateField" Date="20151113" Time="120726">CalculateField C:\dt\quests\at201309131330_snapping_points_to_rivergrid\data\master.gdb\catchments_v2016 STATION int(!ugID!) PYTHON_9.3 #</Process><Process ToolSource="c:\program files\arcgis\pro\Resources\ArcToolbox\Toolboxes\Data Management Tools.tbx\AddField" Date="20151113" Time="120728">AddField C:\dt\quests\at201309131330_snapping_points_to_rivergrid\data\master.gdb\catchments_v2016 isSpecial "Short (small integer)" # # # # NULLABLE NON_REQUIRED #</Process><Process ToolSource="c:\program files\arcgis\pro\Resources\ArcToolbox\Toolboxes\Data Management Tools.tbx\CalculateField" Date="20151113" Time="120728">CalculateField C:\dt\quests\at201309131330_snapping_points_to_rivergrid\data\master.gdb\catchments_v2016 isSpecial 0 PYTHON_9.3 #</Process><Process ToolSource="c:\program files\arcgis\pro\Resources\ArcToolbox\Toolboxes\Data Management Tools.tbx\Append" Date="20151113" Time="120729">Append C:\dt\quests\at201309131330_snapping_points_to_rivergrid\data\special_catcgments.gdb\special_catchments_gb C:\dt\quests\at201309131330_snapping_points_to_rivergrid\data\master.gdb\catchments_v2016 "Use the Field Map to reconcile schema differences" "Shape_Length "Shape_Length" false true true 8 Double 0 0,First,#,C:\dt\quests\at201309131330_snapping_points_to_rivergrid\data\special_catcgments.gdb\special_catchments_gb,Shape_Length,-1,-1;Shape_Area "Shape_Area" false true true 8 Double 0 0,First,#,C:\dt\quests\at201309131330_snapping_points_to_rivergrid\data\special_catcgments.gdb\special_catchments_gb,Shape_Area,-1,-1;ugID "ugID" true true false 4 Long 0 0,First,#;zn "zn" true true false 2 Short 0 0,First,#;east "east" true true false 4 Long 0 0,First,#;north "north" true true false 4 Long 0 0,First,#;ceast "ceast" true true false 4 Long 0 0,First,#;cnorth "cnorth" true true false 4 Long 0 0,First,#;kmsq "kmsq" true true false 8 Double 0 0,First,#;sr41 "sr41" true true false 2 Short 0 0,First,#;sr61 "sr61" true true false 2 Short 0 0,First,#;pote "pote" true true false 2 Short 0 0,First,#;ae41 "ae41" true true false 2 Short 0 0,First,#;ae61 "ae61" true true false 2 Short 0 0,First,#;ro41 "ro41" true true false 2 Short 0 0,First,#;ro61 "ro61" true true false 2 Short 0 0,First,#;flow41 "flow41" true true false 8 Double 0 0,First,#;flow61 "flow61" true true false 8 Double 0 0,First,#;msg "msg" true true false 200 Text 0 0,First,#;STATION "STATION" true true false 4 Long 0 0,First,#,C:\dt\quests\at201309131330_snapping_points_to_rivergrid\data\special_catcgments.gdb\special_catchments_gb,STATION,-1,-1;isSpecial "isSpecial" true true false 2 Short 0 0,First,#,C:\dt\quests\at201309131330_snapping_points_to_rivergrid\data\special_catcgments.gdb\special_catchments_gb,isSpecial,-1,-1" #</Process><Process ToolSource="c:\program files\arcgis\pro\Resources\ArcToolbox\Toolboxes\Data Management Tools.tbx\AddField" Date="20151113" Time="120730">AddField C:\dt\quests\at201309131330_snapping_points_to_rivergrid\data\master.gdb\catchments_v2016 IDO "Long (large integer)" # # # # NULLABLE NON_REQUIRED #</Process><Process ToolSource="c:\program files\arcgis\pro\Resources\ArcToolbox\Toolboxes\Data Management Tools.tbx\CalculateField" Date="20151113" Time="120730">CalculateField C:\dt\quests\at201309131330_snapping_points_to_rivergrid\data\master.gdb\catchments_v2016 IDO !STATION! PYTHON_9.3 #</Process><Process ToolSource="c:\program files\arcgis\pro\Resources\ArcToolbox\Toolboxes\Data Management Tools.tbx\AddField" Date="20151113" Time="120731">AddField C:\dt\quests\at201309131330_snapping_points_to_rivergrid\data\master.gdb\catchments_v2016 HA "Short (small integer)" # # # # NULLABLE NON_REQUIRED #</Process><Process ToolSource="c:\program files\arcgis\pro\Resources\ArcToolbox\Toolboxes\Data Management Tools.tbx\CalculateField" Date="20151113" Time="120731">CalculateField C:\dt\quests\at201309131330_snapping_points_to_rivergrid\data\master.gdb\catchments_v2016 HA int(!STATION!/1000.0) PYTHON_9.3 #</Process><Process ToolSource="c:\program files\arcgis\pro\Resources\ArcToolbox\Toolboxes\Data Management Tools.tbx\CopyFeatures" Date="20151113" Time="120733">CopyFeatures C:\dt\quests\at201309131330_snapping_points_to_rivergrid\data\master.gdb\catchments_v2016 c:\TEMP\nrfa_catchments_gb_v2016.shp # # # #</Process><Process ToolSource="c:\program files (x86)\arcgis\desktop10.4\ArcToolbox\Toolboxes\Data Management Tools.tbx\CalculateField" Date="20161209" Time="123328">CalculateField nrfa_catchments_gb_v2016 IDO 38033 VB #</Process><Process ToolSource="c:\program files (x86)\arcgis\desktop10.4\ArcToolbox\Toolboxes\Data Management Tools.tbx\CalculateField" Date="20161209" Time="123332">CalculateField nrfa_catchments_gb_v2016 STATION 38033 VB #</Process><Process ToolSource="c:\program files (x86)\arcgis\desktop10.4\ArcToolbox\Toolboxes\Data Management Tools.tbx\CalculateField" Date="20161209" Time="123340">CalculateField nrfa_catchments_gb_v2016 HA 38 VB #</Process><Process ToolSource="c:\program files (x86)\arcgis\desktop10.4\ArcToolbox\Toolboxes\Data Management Tools.tbx\CalculateField" Date="20161209" Time="123352">CalculateField nrfa_catchments_gb_v2016 ugID 38033 VB #</Process><Process ToolSource="c:\program files (x86)\arcgis\desktop10.4\ArcToolbox\Toolboxes\Data Management Tools.tbx\CalculateField" Date="20161209" Time="123520">CalculateField nrfa_catchments_gb_v2016 ugID 41038 VB #</Process><Process ToolSource="c:\program files (x86)\arcgis\desktop10.4\ArcToolbox\Toolboxes\Data Management Tools.tbx\CalculateField" Date="20161209" Time="123527">CalculateField nrfa_catchments_gb_v2016 STATION 41038 VB #</Process><Process ToolSource="c:\program files (x86)\arcgis\desktop10.4\ArcToolbox\Toolboxes\Data Management Tools.tbx\CalculateField" Date="20161209" Time="123532">CalculateField nrfa_catchments_gb_v2016 IDO 41038 VB #</Process><Process ToolSource="c:\program files (x86)\arcgis\desktop10.4\ArcToolbox\Toolboxes\Data Management Tools.tbx\CalculateField" Date="20161209" Time="123537">CalculateField nrfa_catchments_gb_v2016 HA 41 VB #</Process><Process ToolSource="c:\program files (x86)\arcgis\desktop10.4\ArcToolbox\Toolboxes\Data Management Tools.tbx\CalculateField" Date="20170120" Time="093514">CalculateField nrfa_catchments_rc ID_STRING [ID_STRING] VB #</Process><Process ToolSource="c:\program files (x86)\arcgis\desktop10.4\ArcToolbox\Toolboxes\Data Management Tools.tbx\CalculateField" Date="20170120" Time="093609">CalculateField nrfa_catchments_rc ID_STRING [STATION] VB #</Process><Process ToolSource="c:\program files (x86)\arcgis\desktop10.4\ArcToolbox\Toolboxes\Data Management Tools.tbx\CalculateField" Date="20170120" Time="093615">CalculateField nrfa_catchments_rc ID [STATION] VB #</Process><Process ToolSource="c:\program files (x86)\arcgis\desktop10.4\ArcToolbox\Toolboxes\Data Management Tools.tbx\ChangePrivileges" Date="20170120" Time="102350">ChangePrivileges 'Database Connections\NRFA_SDE_at_WLGIS.sde\NRFA_SDE.nrfa_core\NRFA_SDE.coastal_catchments_gb';'Database Connections\NRFA_SDE_at_WLGIS.sde\NRFA_SDE.nrfa_core\NRFA_SDE.nrfa_catchments';'Database Connections\NRFA_SDE_at_WLGIS.sde\NRFA_SDE.nrfa_core\NRFA_SDE.nrfa_catchments_envelopes';'Database Connections\NRFA_SDE_at_WLGIS.sde\NRFA_SDE.nrfa_core\NRFA_SDE.regions' WP_GIS GRANT #</Process><Process ToolSource="c:\program files (x86)\arcgis\desktop10.4\ArcToolbox\Toolboxes\Data Management Tools.tbx\TruncateTable" Date="20171024" Time="152417">TruncateTable NRFA_SDE.nrfa_catchments</Process><Process ToolSource="c:\program files (x86)\arcgis\desktop10.4\ArcToolbox\Toolboxes\Data Management Tools.tbx\Append" Date="20171024" Time="152443">Append catchments2upload NRFA_SDE.nrfa_catchments TEST # #</Process><Process ToolSource="c:\program files (x86)\arcgis\desktop10.4\ArcToolbox\Toolboxes\Data Management Tools.tbx\TruncateTable" Date="20171026" Time="105139">TruncateTable "Database Connections\NRFA_SDE_at_WLGIS.sde\NRFA_SDE.nrfa_core\NRFA_SDE.nrfa_catchments"</Process><Process ToolSource="c:\program files (x86)\arcgis\desktop10.4\ArcToolbox\Toolboxes\Data Management Tools.tbx\Append" Date="20171026" Time="105231">Append C:\dev\READY4UPLOAD\catchments2upload.shp "Database Connections\NRFA_SDE_at_WLGIS.sde\NRFA_SDE.nrfa_core\NRFA_SDE.nrfa_catchments" TEST # #</Process><Process ToolSource="c:\program files (x86)\arcgis\desktop10.6\ArcToolbox\Toolboxes\Data Management Tools.tbx\TruncateTable" Date="20190403" Time="115057">TruncateTable NRFA_SDE.nrfa_catchments</Process><Process ToolSource="c:\program files (x86)\arcgis\desktop10.6\ArcToolbox\Toolboxes\Data Management Tools.tbx\Append" Date="20190403" Time="115128">Append nrfa_catchments_to_upload NRFA_SDE.nrfa_catchments NO_TEST "ZN "ZN" true true false 4 Long 0 10 ,First,#,nrfa_catchments_to_upload,ZN,-1,-1;EAST "EAST" true true false 4 Long 0 10 ,First,#,nrfa_catchments_to_upload,EAST,-1,-1;NORTH "NORTH" true true false 4 Long 0 10 ,First,#,nrfa_catchments_to_upload,NORTH,-1,-1;CEAST "CEAST" true true false 4 Long 0 10 ,First,#,nrfa_catchments_to_upload,CEAST,-1,-1;CNORTH "CNORTH" true true false 4 Long 0 10 ,First,#,nrfa_catchments_to_upload,CNORTH,-1,-1;KMSQ "KMSQ" true true false 8 Double 8 38 ,First,#,nrfa_catchments_to_upload,KMSQ,-1,-1;SR41 "SR41" true true false 4 Long 0 10 ,First,#,nrfa_catchments_to_upload,SR41,-1,-1;SR61 "SR61" true true false 4 Long 0 10 ,First,#,nrfa_catchments_to_upload,SR61,-1,-1;POTE "POTE" true true false 4 Long 0 10 ,First,#,nrfa_catchments_to_upload,POTE,-1,-1;AE41 "AE41" true true false 4 Long 0 10 ,First,#,nrfa_catchments_to_upload,AE41,-1,-1;AE61 "AE61" true true false 4 Long 0 10 ,First,#,nrfa_catchments_to_upload,AE61,-1,-1;RO41 "RO41" true true false 4 Long 0 10 ,First,#,nrfa_catchments_to_upload,RO41,-1,-1;RO61 "RO61" true true false 4 Long 0 10 ,First,#,nrfa_catchments_to_upload,RO61,-1,-1;FLOW41 "FLOW41" true true false 8 Double 8 38 ,First,#,nrfa_catchments_to_upload,FLOW41,-1,-1;FLOW61 "FLOW61" true true false 8 Double 8 38 ,First,#,nrfa_catchments_to_upload,FLOW61,-1,-1;MSG "MSG" true true false 200 Text 0 0 ,First,#,nrfa_catchments_to_upload,MSG,-1,-1;STATION "STATION" true true false 4 Long 0 10 ,First,#,nrfa_catchments_to_upload,STATION,-1,-1;ISSPECIAL "ISSPECIAL" true true false 4 Long 0 10 ,First,#,nrfa_catchments_to_upload,ISSPECIAL,-1,-1;IDO "IDO" true true false 4 Long 0 10 ,First,#,nrfa_catchments_to_upload,IDO,-1,-1;HA "HA" true true false 4 Long 0 10 ,First,#,nrfa_catchments_to_upload,HA,-1,-1;ID_STRING "ID_STRING" true true false 15 Text 0 0 ,First,#,nrfa_catchments_to_upload,ID_STRING,-1,-1;ID "ID" true true false 8 Double 8 38 ,First,#,nrfa_catchments_to_upload,ID,-1,-1;SHAPE.AREA "SHAPE.AREA" false false true 0 Double 0 0 ,First,#;SHAPE.LEN "SHAPE.LEN" false false true 0 Double 0 0 ,First,#" #</Process><Process ToolSource="c:\program files (x86)\arcgis\desktop10.6\ArcToolbox\Toolboxes\Data Management Tools.tbx\TruncateTable" Date="20190418" Time="103511">TruncateTable NRFA_SDE.nrfa_catchments</Process><Process ToolSource="c:\program files (x86)\arcgis\desktop10.6\ArcToolbox\Toolboxes\Data Management Tools.tbx\Append" Date="20190418" Time="103605">Append update_catchments NRFA_SDE.nrfa_catchments NO_TEST "ZN "ZN" true true false 4 Long 0 10 ,First,#,update_catchments,ZN,-1,-1;EAST "EAST" true true false 4 Long 0 10 ,First,#,update_catchments,EAST,-1,-1;NORTH "NORTH" true true false 4 Long 0 10 ,First,#,update_catchments,NORTH,-1,-1;CEAST "CEAST" true true false 4 Long 0 10 ,First,#,update_catchments,CEAST,-1,-1;CNORTH "CNORTH" true true false 4 Long 0 10 ,First,#,update_catchments,CNORTH,-1,-1;KMSQ "KMSQ" true true false 8 Double 8 38 ,First,#,update_catchments,KMSQ,-1,-1;SR41 "SR41" true true false 4 Long 0 10 ,First,#,update_catchments,SR41,-1,-1;SR61 "SR61" true true false 4 Long 0 10 ,First,#,update_catchments,SR61,-1,-1;POTE "POTE" true true false 4 Long 0 10 ,First,#,update_catchments,POTE,-1,-1;AE41 "AE41" true true false 4 Long 0 10 ,First,#,update_catchments,AE41,-1,-1;AE61 "AE61" true true false 4 Long 0 10 ,First,#,update_catchments,AE61,-1,-1;RO41 "RO41" true true false 4 Long 0 10 ,First,#,update_catchments,RO41,-1,-1;RO61 "RO61" true true false 4 Long 0 10 ,First,#,update_catchments,RO61,-1,-1;FLOW41 "FLOW41" true true false 8 Double 8 38 ,First,#,update_catchments,FLOW41,-1,-1;FLOW61 "FLOW61" true true false 8 Double 8 38 ,First,#,update_catchments,FLOW61,-1,-1;MSG "MSG" true true false 200 Text 0 0 ,First,#,update_catchments,MSG,-1,-1;STATION "STATION" true true false 4 Long 0 10 ,First,#,update_catchments,STATION,-1,-1;ISSPECIAL "ISSPECIAL" true true false 4 Long 0 10 ,First,#,update_catchments,ISSPECIAL,-1,-1;IDO "IDO" true true false 4 Long 0 10 ,First,#,update_catchments,IDO,-1,-1;HA "HA" true true false 4 Long 0 10 ,First,#,update_catchments,HA,-1,-1;ID_STRING "ID_STRING" true true false 15 Text 0 0 ,First,#,update_catchments,ID_STRING,-1,-1;ID "ID" true true false 8 Double 8 38 ,First,#,update_catchments,ID,-1,-1;SHAPE.AREA "SHAPE.AREA" false false true 0 Double 0 0 ,First,#;SHAPE.LEN "SHAPE.LEN" false false true 0 Double 0 0 ,First,#" #</Process><Process ToolSource="c:\program files (x86)\arcgis\desktop10.6\ArcToolbox\Toolboxes\Data Management Tools.tbx\TruncateTable" Date="20190418" Time="103709">TruncateTable NRFA_SDE.nrfa_catchments</Process><Process ToolSource="c:\program files (x86)\arcgis\desktop10.6\ArcToolbox\Toolboxes\Data Management Tools.tbx\Append" Date="20190418" Time="103744">Append update_catchments NRFA_SDE.nrfa_catchments NO_TEST "ZN "ZN" true true false 4 Long 0 10 ,First,#,update_catchments,ZN,-1,-1;EAST "EAST" true true false 4 Long 0 10 ,First,#,update_catchments,EAST,-1,-1;NORTH "NORTH" true true false 4 Long 0 10 ,First,#,update_catchments,NORTH,-1,-1;CEAST "CEAST" true true false 4 Long 0 10 ,First,#,update_catchments,CEAST,-1,-1;CNORTH "CNORTH" true true false 4 Long 0 10 ,First,#,update_catchments,CNORTH,-1,-1;KMSQ "KMSQ" true true false 8 Double 8 38 ,First,#,update_catchments,KMSQ,-1,-1;SR41 "SR41" true true false 4 Long 0 10 ,First,#,update_catchments,SR41,-1,-1;SR61 "SR61" true true false 4 Long 0 10 ,First,#,update_catchments,SR61,-1,-1;POTE "POTE" true true false 4 Long 0 10 ,First,#,update_catchments,POTE,-1,-1;AE41 "AE41" true true false 4 Long 0 10 ,First,#,update_catchments,AE41,-1,-1;AE61 "AE61" true true false 4 Long 0 10 ,First,#,update_catchments,AE61,-1,-1;RO41 "RO41" true true false 4 Long 0 10 ,First,#,update_catchments,RO41,-1,-1;RO61 "RO61" true true false 4 Long 0 10 ,First,#,update_catchments,RO61,-1,-1;FLOW41 "FLOW41" true true false 8 Double 8 38 ,First,#,update_catchments,FLOW41,-1,-1;FLOW61 "FLOW61" true true false 8 Double 8 38 ,First,#,update_catchments,FLOW61,-1,-1;MSG "MSG" true true false 200 Text 0 0 ,First,#,update_catchments,MSG,-1,-1;STATION "STATION" true true false 4 Long 0 10 ,First,#,update_catchments,STATION,-1,-1;ISSPECIAL "ISSPECIAL" true true false 4 Long 0 10 ,First,#,update_catchments,ISSPECIAL,-1,-1;IDO "IDO" true true false 4 Long 0 10 ,First,#,update_catchments,IDO,-1,-1;HA "HA" true true false 4 Long 0 10 ,First,#,update_catchments,HA,-1,-1;ID_STRING "ID_STRING" true true false 15 Text 0 0 ,First,#,update_catchments,ID_STRING,-1,-1;ID "ID" true true false 8 Double 8 38 ,First,#,update_catchments,ID,-1,-1;SHAPE.AREA "SHAPE.AREA" false false true 0 Double 0 0 ,First,#;SHAPE.LEN "SHAPE.LEN" false false true 0 Double 0 0 ,First,#" #</Process><Process ToolSource="c:\program files (x86)\arcgis\desktop10.6\ArcToolbox\Toolboxes\Data Management Tools.tbx\TruncateTable" Date="20190418" Time="135705">TruncateTable NRFA_SDE.nrfa_catchments</Process><Process ToolSource="c:\program files (x86)\arcgis\desktop10.6\ArcToolbox\Toolboxes\Data Management Tools.tbx\Append" Date="20190418" Time="135738">Append update_catchments NRFA_SDE.nrfa_catchments NO_TEST "ZN "ZN" true true false 4 Long 0 10 ,First,#,update_catchments,ZN,-1,-1;EAST "EAST" true true false 4 Long 0 10 ,First,#,update_catchments,EAST,-1,-1;NORTH "NORTH" true true false 4 Long 0 10 ,First,#,update_catchments,NORTH,-1,-1;CEAST "CEAST" true true false 4 Long 0 10 ,First,#,update_catchments,CEAST,-1,-1;CNORTH "CNORTH" true true false 4 Long 0 10 ,First,#,update_catchments,CNORTH,-1,-1;KMSQ "KMSQ" true true false 8 Double 8 38 ,First,#,update_catchments,KMSQ,-1,-1;SR41 "SR41" true true false 4 Long 0 10 ,First,#,update_catchments,SR41,-1,-1;SR61 "SR61" true true false 4 Long 0 10 ,First,#,update_catchments,SR61,-1,-1;POTE "POTE" true true false 4 Long 0 10 ,First,#,update_catchments,POTE,-1,-1;AE41 "AE41" true true false 4 Long 0 10 ,First,#,update_catchments,AE41,-1,-1;AE61 "AE61" true true false 4 Long 0 10 ,First,#,update_catchments,AE61,-1,-1;RO41 "RO41" true true false 4 Long 0 10 ,First,#,update_catchments,RO41,-1,-1;RO61 "RO61" true true false 4 Long 0 10 ,First,#,update_catchments,RO61,-1,-1;FLOW41 "FLOW41" true true false 8 Double 8 38 ,First,#,update_catchments,FLOW41,-1,-1;FLOW61 "FLOW61" true true false 8 Double 8 38 ,First,#,update_catchments,FLOW61,-1,-1;MSG "MSG" true true false 200 Text 0 0 ,First,#,update_catchments,MSG,-1,-1;STATION "STATION" true true false 4 Long 0 10 ,First,#,update_catchments,STATION,-1,-1;ISSPECIAL "ISSPECIAL" true true false 4 Long 0 10 ,First,#,update_catchments,ISSPECIAL,-1,-1;IDO "IDO" true true false 4 Long 0 10 ,First,#,update_catchments,IDO,-1,-1;HA "HA" true true false 4 Long 0 10 ,First,#,update_catchments,HA,-1,-1;ID_STRING "ID_STRING" true true false 15 Text 0 0 ,First,#,update_catchments,ID_STRING,-1,-1;ID "ID" true true false 8 Double 8 38 ,First,#,update_catchments,ID,-1,-1;SHAPE.AREA "SHAPE.AREA" false false true 0 Double 0 0 ,First,#;SHAPE.LEN "SHAPE.LEN" false false true 0 Double 0 0 ,First,#" #</Process><Process ToolSource="c:\program files (x86)\arcgis\desktop10.6\ArcToolbox\Toolboxes\Data Management Tools.tbx\TruncateTable" Date="20190423" Time="150640">TruncateTable NRFA_SDE.nrfa_catchments</Process><Process ToolSource="c:\program files (x86)\arcgis\desktop10.6\ArcToolbox\Toolboxes\Data Management Tools.tbx\Append" Date="20190423" Time="150748">Append update_catchments NRFA_SDE.nrfa_catchments NO_TEST "ZN "ZN" true true false 4 Long 0 10 ,First,#,update_catchments,ZN,-1,-1;EAST "EAST" true true false 4 Long 0 10 ,First,#,update_catchments,EAST,-1,-1;NORTH "NORTH" true true false 4 Long 0 10 ,First,#,update_catchments,NORTH,-1,-1;CEAST "CEAST" true true false 4 Long 0 10 ,First,#,update_catchments,CEAST,-1,-1;CNORTH "CNORTH" true true false 4 Long 0 10 ,First,#,update_catchments,CNORTH,-1,-1;KMSQ "KMSQ" true true false 8 Double 8 38 ,First,#,update_catchments,KMSQ,-1,-1;SR41 "SR41" true true false 4 Long 0 10 ,First,#,update_catchments,SR41,-1,-1;SR61 "SR61" true true false 4 Long 0 10 ,First,#,update_catchments,SR61,-1,-1;POTE "POTE" true true false 4 Long 0 10 ,First,#,update_catchments,POTE,-1,-1;AE41 "AE41" true true false 4 Long 0 10 ,First,#,update_catchments,AE41,-1,-1;AE61 "AE61" true true false 4 Long 0 10 ,First,#,update_catchments,AE61,-1,-1;RO41 "RO41" true true false 4 Long 0 10 ,First,#,update_catchments,RO41,-1,-1;RO61 "RO61" true true false 4 Long 0 10 ,First,#,update_catchments,RO61,-1,-1;FLOW41 "FLOW41" true true false 8 Double 8 38 ,First,#,update_catchments,FLOW41,-1,-1;FLOW61 "FLOW61" true true false 8 Double 8 38 ,First,#,update_catchments,FLOW61,-1,-1;MSG "MSG" true true false 200 Text 0 0 ,First,#,update_catchments,MSG,-1,-1;STATION "STATION" true true false 4 Long 0 10 ,First,#,update_catchments,STATION,-1,-1;ISSPECIAL "ISSPECIAL" true true false 4 Long 0 10 ,First,#,update_catchments,ISSPECIAL,-1,-1;IDO "IDO" true true false 4 Long 0 10 ,First,#,update_catchments,IDO,-1,-1;HA "HA" true true false 4 Long 0 10 ,First,#,update_catchments,HA,-1,-1;ID_STRING "ID_STRING" true true false 15 Text 0 0 ,First,#,update_catchments,ID_STRING,-1,-1;ID "ID" true true false 8 Double 8 38 ,First,#,update_catchments,ID,-1,-1;SHAPE.AREA "SHAPE.AREA" false false true 0 Double 0 0 ,First,#;SHAPE.LEN "SHAPE.LEN" false false true 0 Double 0 0 ,First,#" #</Process><Process ToolSource="c:\program files (x86)\arcgis\desktop10.6\ArcToolbox\Toolboxes\Data Management Tools.tbx\TruncateTable" Date="20190709" Time="140935">TruncateTable "Database Connections\NRFA_SDE_at_WLGIS.sde\NRFA_SDE.nrfa_core\NRFA_SDE.nrfa_catchments"</Process><Process ToolSource="c:\program files (x86)\arcgis\desktop10.6\ArcToolbox\Toolboxes\Data Management Tools.tbx\Append" Date="20190709" Time="141040">Append D:\20190709\SDE_TO_UPDATE\nrfa_catchments.shp "Database Connections\NRFA_SDE_at_WLGIS.sde\NRFA_SDE.nrfa_core\NRFA_SDE.nrfa_catchments" NO_TEST "ZN "ZN" true true false 4 Long 0 10 ,First,#,D:\20190709\SDE_TO_UPDATE\nrfa_catchments.shp,ZN,-1,-1;EAST "EAST" true true false 4 Long 0 10 ,First,#,D:\20190709\SDE_TO_UPDATE\nrfa_catchments.shp,EAST,-1,-1;NORTH "NORTH" true true false 4 Long 0 10 ,First,#,D:\20190709\SDE_TO_UPDATE\nrfa_catchments.shp,NORTH,-1,-1;CEAST "CEAST" true true false 4 Long 0 10 ,First,#,D:\20190709\SDE_TO_UPDATE\nrfa_catchments.shp,CEAST,-1,-1;CNORTH "CNORTH" true true false 4 Long 0 10 ,First,#,D:\20190709\SDE_TO_UPDATE\nrfa_catchments.shp,CNORTH,-1,-1;KMSQ "KMSQ" true true false 8 Double 8 38 ,First,#,D:\20190709\SDE_TO_UPDATE\nrfa_catchments.shp,KMSQ,-1,-1;SR41 "SR41" true true false 4 Long 0 10 ,First,#,D:\20190709\SDE_TO_UPDATE\nrfa_catchments.shp,SR41,-1,-1;SR61 "SR61" true true false 4 Long 0 10 ,First,#,D:\20190709\SDE_TO_UPDATE\nrfa_catchments.shp,SR61,-1,-1;POTE "POTE" true true false 4 Long 0 10 ,First,#,D:\20190709\SDE_TO_UPDATE\nrfa_catchments.shp,POTE,-1,-1;AE41 "AE41" true true false 4 Long 0 10 ,First,#,D:\20190709\SDE_TO_UPDATE\nrfa_catchments.shp,AE41,-1,-1;AE61 "AE61" true true false 4 Long 0 10 ,First,#,D:\20190709\SDE_TO_UPDATE\nrfa_catchments.shp,AE61,-1,-1;RO41 "RO41" true true false 4 Long 0 10 ,First,#,D:\20190709\SDE_TO_UPDATE\nrfa_catchments.shp,RO41,-1,-1;RO61 "RO61" true true false 4 Long 0 10 ,First,#,D:\20190709\SDE_TO_UPDATE\nrfa_catchments.shp,RO61,-1,-1;FLOW41 "FLOW41" true true false 8 Double 8 38 ,First,#,D:\20190709\SDE_TO_UPDATE\nrfa_catchments.shp,FLOW41,-1,-1;FLOW61 "FLOW61" true true false 8 Double 8 38 ,First,#,D:\20190709\SDE_TO_UPDATE\nrfa_catchments.shp,FLOW61,-1,-1;MSG "MSG" true true false 200 Text 0 0 ,First,#,D:\20190709\SDE_TO_UPDATE\nrfa_catchments.shp,MSG,-1,-1;STATION "STATION" true true false 4 Long 0 10 ,First,#,D:\20190709\SDE_TO_UPDATE\nrfa_catchments.shp,STATION,-1,-1;ISSPECIAL "ISSPECIAL" true true false 4 Long 0 10 ,First,#,D:\20190709\SDE_TO_UPDATE\nrfa_catchments.shp,ISSPECIAL,-1,-1;IDO "IDO" true true false 4 Long 0 10 ,First,#,D:\20190709\SDE_TO_UPDATE\nrfa_catchments.shp,IDO,-1,-1;HA "HA" true true false 4 Long 0 10 ,First,#,D:\20190709\SDE_TO_UPDATE\nrfa_catchments.shp,HA,-1,-1;ID_STRING "ID_STRING" true true false 15 Text 0 0 ,First,#,D:\20190709\SDE_TO_UPDATE\nrfa_catchments.shp,ID_STRING,-1,-1;ID "ID" true true false 8 Double 8 38 ,First,#,D:\20190709\SDE_TO_UPDATE\nrfa_catchments.shp,ID,-1,-1;SHAPE.AREA "SHAPE.AREA" false false true 0 Double 0 0 ,First,#;SHAPE.LEN "SHAPE.LEN" false false true 0 Double 0 0 ,First,#" #</Process><Process ToolSource="c:\program files (x86)\arcgis\desktop10.6\ArcToolbox\Toolboxes\Data Management Tools.tbx\TruncateTable" Date="20200309" Time="142119">TruncateTable NRFA_SDE.nrfa_catchments</Process><Process ToolSource="c:\program files (x86)\arcgis\desktop10.6\ArcToolbox\Toolboxes\Data Management Tools.tbx\Append" Date="20200309" Time="142231">Append catchments NRFA_SDE.nrfa_catchments NO_TEST "ZN "ZN" true true false 4 Long 0 10 ,First,#,catchments,ZN,-1,-1;EAST "EAST" true true false 4 Long 0 10 ,First,#,catchments,EAST,-1,-1;NORTH "NORTH" true true false 4 Long 0 10 ,First,#,catchments,NORTH,-1,-1;CEAST "CEAST" true true false 4 Long 0 10 ,First,#,catchments,CEAST,-1,-1;CNORTH "CNORTH" true true false 4 Long 0 10 ,First,#,catchments,CNORTH,-1,-1;KMSQ "KMSQ" true true false 8 Double 8 38 ,First,#,catchments,KMSQ,-1,-1;SR41 "SR41" true true false 4 Long 0 10 ,First,#,catchments,SR41,-1,-1;SR61 "SR61" true true false 4 Long 0 10 ,First,#,catchments,SR61,-1,-1;POTE "POTE" true true false 4 Long 0 10 ,First,#,catchments,POTE,-1,-1;AE41 "AE41" true true false 4 Long 0 10 ,First,#,catchments,AE41,-1,-1;AE61 "AE61" true true false 4 Long 0 10 ,First,#,catchments,AE61,-1,-1;RO41 "RO41" true true false 4 Long 0 10 ,First,#,catchments,RO41,-1,-1;RO61 "RO61" true true false 4 Long 0 10 ,First,#,catchments,RO61,-1,-1;FLOW41 "FLOW41" true true false 8 Double 8 38 ,First,#,catchments,FLOW41,-1,-1;FLOW61 "FLOW61" true true false 8 Double 8 38 ,First,#,catchments,FLOW61,-1,-1;MSG "MSG" true true false 200 Text 0 0 ,First,#,catchments,MSG,-1,-1;STATION "STATION" true true false 4 Long 0 10 ,First,#,catchments,STATION,-1,-1;ISSPECIAL "ISSPECIAL" true true false 4 Long 0 10 ,First,#,catchments,ISSPECIAL,-1,-1;IDO "IDO" true true false 4 Long 0 10 ,First,#,catchments,IDO,-1,-1;HA "HA" true true false 4 Long 0 10 ,First,#,catchments,HA,-1,-1;ID_STRING "ID_STRING" true true false 15 Text 0 0 ,First,#,catchments,ID_STRING,-1,-1;ID "ID" true true false 8 Double 8 38 ,First,#,catchments,ID,-1,-1;SHAPE.AREA "SHAPE.AREA" false false true 0 Double 0 0 ,First,#;SHAPE.LEN "SHAPE.LEN" false false true 0 Double 0 0 ,First,#" #</Process><Process ToolSource="c:\program files\arcgis\pro\Resources\ArcToolbox\toolboxes\Conversion Tools.tbx\FeatureClassToFeatureClass" Date="20200917" Time="105405">FeatureClassToFeatureClass NRFA_SDE.nrfa_catchments C:\CEH\TEMP_FILES\GIS_Projects\20200902_Catchments\SDE_BACKUP nrfa_catchments_ex20200917.shp # "ZN "ZN" true true false 4 Long 0 10,First,#,NRFA_SDE.nrfa_catchments,ZN,-1,-1;EAST "EAST" true true false 4 Long 0 10,First,#,NRFA_SDE.nrfa_catchments,EAST,-1,-1;NORTH "NORTH" true true false 4 Long 0 10,First,#,NRFA_SDE.nrfa_catchments,NORTH,-1,-1;CEAST "CEAST" true true false 4 Long 0 10,First,#,NRFA_SDE.nrfa_catchments,CEAST,-1,-1;CNORTH "CNORTH" true true false 4 Long 0 10,First,#,NRFA_SDE.nrfa_catchments,CNORTH,-1,-1;KMSQ "KMSQ" true true false 8 Double 8 38,First,#,NRFA_SDE.nrfa_catchments,KMSQ,-1,-1;SR41 "SR41" true true false 4 Long 0 10,First,#,NRFA_SDE.nrfa_catchments,SR41,-1,-1;SR61 "SR61" true true false 4 Long 0 10,First,#,NRFA_SDE.nrfa_catchments,SR61,-1,-1;POTE "POTE" true true false 4 Long 0 10,First,#,NRFA_SDE.nrfa_catchments,POTE,-1,-1;AE41 "AE41" true true false 4 Long 0 10,First,#,NRFA_SDE.nrfa_catchments,AE41,-1,-1;AE61 "AE61" true true false 4 Long 0 10,First,#,NRFA_SDE.nrfa_catchments,AE61,-1,-1;RO41 "RO41" true true false 4 Long 0 10,First,#,NRFA_SDE.nrfa_catchments,RO41,-1,-1;RO61 "RO61" true true false 4 Long 0 10,First,#,NRFA_SDE.nrfa_catchments,RO61,-1,-1;FLOW41 "FLOW41" true true false 8 Double 8 38,First,#,NRFA_SDE.nrfa_catchments,FLOW41,-1,-1;FLOW61 "FLOW61" true true false 8 Double 8 38,First,#,NRFA_SDE.nrfa_catchments,FLOW61,-1,-1;MSG "MSG" true true false 200 Text 0 0,First,#,NRFA_SDE.nrfa_catchments,MSG,0,200;STATION "STATION" true true false 4 Long 0 10,First,#,NRFA_SDE.nrfa_catchments,STATION,-1,-1;ISSPECIAL "ISSPECIAL" true true false 4 Long 0 10,First,#,NRFA_SDE.nrfa_catchments,ISSPECIAL,-1,-1;IDO "IDO" true true false 4 Long 0 10,First,#,NRFA_SDE.nrfa_catchments,IDO,-1,-1;HA "HA" true true false 4 Long 0 10,First,#,NRFA_SDE.nrfa_catchments,HA,-1,-1;ID_STRING "ID_STRING" true true false 15 Text 0 0,First,#,NRFA_SDE.nrfa_catchments,ID_STRING,0,15;ID "ID" true true false 8 Double 8 38,First,#,NRFA_SDE.nrfa_catchments,ID,-1,-1" #</Process><Process ToolSource="c:\program files\arcgis\pro\Resources\ArcToolbox\toolboxes\Data Management Tools.tbx\Copy" Date="20200917" Time="110509">Copy C:\CEH\TEMP_FILES\GIS_Projects\20200902_Catchments\SDE_BACKUP\nrfa_catchments_ex20200917.shp C:\CEH\TEMP_FILES\GIS_Projects\20200902_Catchments\SDE_BACKUP\nrfa_catchments_ex20200917_1.shp Shapefile #</Process><Process ToolSource="c:\program files\arcgis\pro\Resources\ArcToolbox\toolboxes\Data Management Tools.tbx\Rename" Date="20200917" Time="110518">Rename C:\CEH\TEMP_FILES\GIS_Projects\20200902_Catchments\SDE_BACKUP\nrfa_catchments_ex20200917_1.shp C:\CEH\TEMP_FILES\GIS_Projects\20200902_Catchments\SDE_BACKUP\nrfa_catchments.shp ShapeFile</Process><Process ToolSource="c:\program files\arcgis\pro\Resources\ArcToolbox\toolboxes\Conversion Tools.tbx\FeatureClassToFeatureClass" Date="20200917" Time="111520">FeatureClassToFeatureClass nrfa_catchments C:\CEH\TEMP_FILES\GIS_Projects\20200902_Catchments\SDE_BACKUP\new_single_shapefiles_export_for_Gemma 76022.shp # "ZN "ZN" true true false 10 Long 0 10,First,#,nrfa_catchments,ZN,-1,-1;EAST "EAST" true true false 10 Long 0 10,First,#,nrfa_catchments,EAST,-1,-1;NORTH "NORTH" true true false 10 Long 0 10,First,#,nrfa_catchments,NORTH,-1,-1;CEAST "CEAST" true true false 10 Long 0 10,First,#,nrfa_catchments,CEAST,-1,-1;CNORTH "CNORTH" true true false 10 Long 0 10,First,#,nrfa_catchments,CNORTH,-1,-1;KMSQ "KMSQ" true true false 19 Double 8 18,First,#,nrfa_catchments,KMSQ,-1,-1;SR41 "SR41" true true false 10 Long 0 10,First,#,nrfa_catchments,SR41,-1,-1;SR61 "SR61" true true false 10 Long 0 10,First,#,nrfa_catchments,SR61,-1,-1;POTE "POTE" true true false 10 Long 0 10,First,#,nrfa_catchments,POTE,-1,-1;AE41 "AE41" true true false 10 Long 0 10,First,#,nrfa_catchments,AE41,-1,-1;AE61 "AE61" true true false 10 Long 0 10,First,#,nrfa_catchments,AE61,-1,-1;RO41 "RO41" true true false 10 Long 0 10,First,#,nrfa_catchments,RO41,-1,-1;RO61 "RO61" true true false 10 Long 0 10,First,#,nrfa_catchments,RO61,-1,-1;FLOW41 "FLOW41" true true false 19 Double 8 18,First,#,nrfa_catchments,FLOW41,-1,-1;FLOW61 "FLOW61" true true false 19 Double 8 18,First,#,nrfa_catchments,FLOW61,-1,-1;MSG "MSG" true true false 200 Text 0 0,First,#,nrfa_catchments,MSG,0,200;STATION "STATION" true true false 10 Long 0 10,First,#,nrfa_catchments,STATION,-1,-1;ISSPECIAL "ISSPECIAL" true true false 10 Long 0 10,First,#,nrfa_catchments,ISSPECIAL,-1,-1;IDO "IDO" true true false 10 Long 0 10,First,#,nrfa_catchments,IDO,-1,-1;HA "HA" true true false 10 Long 0 10,First,#,nrfa_catchments,HA,-1,-1;ID_STRING "ID_STRING" true true false 15 Text 0 0,First,#,nrfa_catchments,ID_STRING,0,15;ID "ID" true true false 19 Double 8 18,First,#,nrfa_catchments,ID,-1,-1" #</Process><Process ToolSource="c:\program files\arcgis\pro\Resources\ArcToolbox\toolboxes\Data Management Tools.tbx\DeleteField" Date="20200924" Time="130851">DeleteField "New Group Layer\76022" AE41;AE61;CEAST;CNORTH;EAST;FLOW41;FLOW61;HA;ID_STRING;IDO;ISSPECIAL;KMSQ;MSG;NORTH;POTE;RO41;RO61;SR41;SR61;STATION;ZN</Process></lineage><itemProps><itemName Sync="TRUE">76022</itemName><imsContentType Sync="TRUE">002</imsContentType><itemSize Sync="TRUE">0.000</itemSize><itemLocation><linkage Sync="TRUE">file://\\WLL-4VDDVF2\C$\CEH\TEMP_FILES\GIS_Projects\20200902_Catchments\SDE_BACKUP\new_single_shapefiles_export_for_Gemma\76022.shp</linkage><protocol Sync="TRUE">Local Area Network</protocol></itemLocation><nativeExtBox><westBL Sync="TRUE">2361.495600</westBL><eastBL Sync="TRUE">647475.000100</eastBL><southBL Sync="TRUE">27275.000100</southBL><northBL Sync="TRUE">1159875.000100</northBL><exTypeCode Sync="TRUE">1</exTypeCode></nativeExtBox></itemProps><coordRef><type Sync="TRUE">Projected</type><geogcsn Sync="TRUE">GCS_OSGB_1936</geogcsn><csUnits Sync="TRUE">Linear Unit: Meter (1.000000)</csUnits><projcsn Sync="TRUE">British_National_Grid</projcsn><peXml Sync="TRUE">&lt;ProjectedCoordinateSystem xsi:type='typens:ProjectedCoordinateSystem' xmlns:xsi='http://www.w3.org/2001/XMLSchema-instance' xmlns:xs='http://www.w3.org/2001/XMLSchema' xmlns:typens='http://www.esri.com/schemas/ArcGIS/2.6.0'&gt;&lt;WKT&gt;PROJCS[&amp;quot;British_National_Grid&amp;quot;,GEOGCS[&amp;quot;GCS_OSGB_1936&amp;quot;,DATUM[&amp;quot;D_OSGB_1936&amp;quot;,SPHEROID[&amp;quot;Airy_1830&amp;quot;,6377563.396,299.3249646]],PRIMEM[&amp;quot;Greenwich&amp;quot;,0.0],UNIT[&amp;quot;Degree&amp;quot;,0.0174532925199433]],PROJECTION[&amp;quot;Transverse_Mercator&amp;quot;],PARAMETER[&amp;quot;False_Easting&amp;quot;,400000.0],PARAMETER[&amp;quot;False_Northing&amp;quot;,-100000.0],PARAMETER[&amp;quot;Central_Meridian&amp;quot;,-2.0],PARAMETER[&amp;quot;Scale_Factor&amp;quot;,0.9996012717],PARAMETER[&amp;quot;Latitude_Of_Origin&amp;quot;,49.0],UNIT[&amp;quot;Meter&amp;quot;,1.0],AUTHORITY[&amp;quot;EPSG&amp;quot;,27700]]&lt;/WKT&gt;&lt;XOrigin&gt;-5220400&lt;/XOrigin&gt;&lt;YOrigin&gt;-15524400&lt;/YOrigin&gt;&lt;XYScale&gt;450481592.76709664&lt;/XYScale&gt;&lt;ZOrigin&gt;-100000&lt;/ZOrigin&gt;&lt;ZScale&gt;10000&lt;/ZScale&gt;&lt;MOrigin&gt;-100000&lt;/MOrigin&gt;&lt;MScale&gt;10000&lt;/MScale&gt;&lt;XYTolerance&gt;0.001&lt;/XYTolerance&gt;&lt;ZTolerance&gt;0.001&lt;/ZTolerance&gt;&lt;MTolerance&gt;0.001&lt;/MTolerance&gt;&lt;HighPrecision&gt;true&lt;/HighPrecision&gt;&lt;WKID&gt;27700&lt;/WKID&gt;&lt;LatestWKID&gt;27700&lt;/LatestWKID&gt;&lt;/ProjectedCoordinateSystem&gt;</peXml></coordRef><copyHistory><copy source="C:\CEH\TEMP_FILES\GIS_Projects\20200902_Catchments\SDE_BACKUP\nrfa_catchments_ex20200917" dest="\\WLL-4VDDVF2\C$\CEH\TEMP_FILES\GIS_Projects\20200902_Catchments\SDE_BACKUP\nrfa_catchments_ex20200917_1" date="20200917" time="11050900"></copy></copyHistory><LayerFile>{"type":"CIMLayerDocument","version":"2.6.0","build":24783,"layers":["CIMPATH=map/76022.xml"],"layerDefinitions":[{"type":"CIMFeatureLayer","name":"76022","uRI":"CIMPATH=map/76022.xml","sourceModifiedTime":{"type":"TimeInstant"},"useSourceMetadata":true,"description":"76022","layerElevation":{"type":"CIMLayerElevationSurface","mapElevationID":"{38A0F170-BFF6-4084-905A-8BE304844E45}"},"expanded":true,"layerType":"Operational","showLegends":true,"visibility":true,"displayCacheType":"Permanent","maxDisplayCacheAge":5,"showPopups":true,"serviceLayerID":-1,"refreshRate":-1,"refreshRateUnit":"esriTimeUnitsSeconds","autoGenerateFeatureTemplates":true,"featureElevationExpression":"0","featureTable":{"type":"CIMFeatureTable","displayField":"ID","editable":true,"dataConnection":{"type":"CIMStandardDataConnection","workspaceConnectionString":"DATABASE=..\\..\\..\\..\\..\\..\\CEH\\TEMP_FILES\\GIS_Projects\\20200902_Catchments\\SDE_BACKUP\\new_single_shapefiles_export_for_Gemma","workspaceFactory":"Shapefile","dataset":"76022","datasetType":"esriDTFeatureClass"},"studyAreaSpatialRel":"esriSpatialRelUndefined","searchOrder":"esriSearchOrderSpatial"},"htmlPopupEnabled":true,"selectable":true,"featureCacheType":"Session","displayFiltersType":"ByScale","labelClasses":[{"type":"CIMLabelClass","expression":"$feature.ZN","expressionEngine":"Arcade","featuresToLabel":"AllVisibleFeatures","maplexLabelPlacementProperties":{"type":"CIMMaplexLabelPlacementProperties","featureType":"Polygon","avoidPolygonHoles":true,"canOverrunFeature":true,"canPlaceLabelOutsidePolygon":true,"canRemoveOverlappingLabel":true,"canStackLabel":true,"connectionType":"Unambiguous","constrainOffset":"NoConstraint","contourAlignmentType":"Page","contourLadderType":"Straight","contourMaximumAngle":90,"enableConnection":true,"featureWeight":0,"fontHeightReductionLimit":4,"fontHeightReductionStep":0.5,"fontWidthReductionLimit":90,"fontWidthReductionStep":5,"graticuleAlignmentType":"Straight","keyNumberGroupName":"Default","labelBuffer":15,"labelLargestPolygon":true,"labelPriority":-1,"labelStackingProperties":{"type":"CIMMaplexLabelStackingProperties","stackAlignment":"ChooseBest","maximumNumberOfLines":3,"minimumNumberOfCharsPerLine":3,"maximumNumberOfCharsPerLine":24,"separators":[{"type":"CIMMaplexStackingSeparator","separator":" ","splitAfter":true},{"type":"CIMMaplexStackingSeparator","separator":",","visible":true,"splitAfter":true}]},"lineFeatureType":"General","linePlacementMethod":"OffsetCurvedFromLine","maximumLabelOverrun":80,"maximumLabelOverrunUnit":"Point","minimumFeatureSizeUnit":"Map","multiPartOption":"OneLabelPerPart","offsetAlongLineProperties":{"type":"CIMMaplexOffsetAlongLineProperties","placementMethod":"BestPositionAlongLine","labelAnchorPoint":"CenterOfLabel","distanceUnit":"Percentage","useLineDirection":true},"pointExternalZonePriorities":{"type":"CIMMaplexExternalZonePriorities","aboveLeft":4,"aboveCenter":2,"aboveRight":1,"centerRight":3,"belowRight":5,"belowCenter":7,"belowLeft":8,"centerLeft":6},"pointPlacementMethod":"AroundPoint","polygonAnchorPointType":"GeometricCenter","polygonBoundaryWeight":0,"polygonExternalZones":{"type":"CIMMaplexExternalZonePriorities","aboveLeft":4,"aboveCenter":2,"aboveRight":1,"centerRight":3,"belowRight":5,"belowCenter":7,"belowLeft":8,"centerLeft":6},"polygonFeatureType":"General","polygonInternalZones":{"type":"CIMMaplexInternalZonePriorities","center":1},"polygonPlacementMethod":"HorizontalInPolygon","primaryOffset":1,"primaryOffsetUnit":"Point","removeExtraWhiteSpace":true,"repetitionIntervalUnit":"Point","rotationProperties":{"type":"CIMMaplexRotationProperties","rotationType":"Arithmetic","alignmentType":"Straight"},"secondaryOffset":100,"strategyPriorities":{"type":"CIMMaplexStrategyPriorities","stacking":1,"overrun":2,"fontCompression":3,"fontReduction":4,"abbreviation":5},"thinningDistanceUnit":"Point","truncationMarkerCharacter":".","truncationMinimumLength":1,"truncationPreferredCharacters":"aeiou","truncationExcludedCharacters":"0123456789"},"name":"Class 1","priority":-1,"standardLabelPlacementProperties":{"type":"CIMStandardLabelPlacementProperties","featureType":"Line","featureWeight":"Low","labelWeight":"High","numLabelsOption":"OneLabelPerName","lineLabelPosition":{"type":"CIMStandardLineLabelPosition","above":true,"inLine":true,"parallel":true},"lineLabelPriorities":{"type":"CIMStandardLineLabelPriorities","aboveStart":3,"aboveAlong":3,"aboveEnd":3,"centerStart":3,"centerAlong":3,"centerEnd":3,"belowStart":3,"belowAlong":3,"belowEnd":3},"pointPlacementMethod":"AroundPoint","pointPlacementPriorities":{"type":"CIMStandardPointPlacementPriorities","aboveLeft":2,"aboveCenter":2,"aboveRight":1,"centerLeft":3,"centerRight":2,"belowLeft":3,"belowCenter":3,"belowRight":2},"rotationType":"Arithmetic","polygonPlacementMethod":"AlwaysHorizontal"},"textSymbol":{"type":"CIMSymbolReference","symbol":{"type":"CIMTextSymbol","blockProgression":"TTB","depth3D":1,"extrapolateBaselines":true,"fontEffects":"Normal","fontEncoding":"Unicode","fontFamilyName":"Tahoma","fontStyleName":"Regular","fontType":"Unspecified","haloSize":1,"height":10,"hinting":"Default","horizontalAlignment":"Left","kerning":true,"letterWidth":100,"ligatures":true,"lineGapType":"ExtraLeading","symbol":{"type":"CIMPolygonSymbol","symbolLayers":[{"type":"CIMSolidFill","enable":true,"color":{"type":"CIMRGBColor","values":[0,0,0,100]}}]},"textCase":"Normal","textDirection":"LTR","verticalAlignment":"Bottom","verticalGlyphOrientation":"Right","wordSpacing":100,"billboardMode3D":"FaceNearPlane"}},"useCodedValue":true,"visibility":true,"iD":-1}],"renderer":{"type":"CIMSimpleRenderer","patch":"Default","symbol":{"type":"CIMSymbolReference","symbol":{"type":"CIMPolygonSymbol","symbolLayers":[{"type":"CIMSolidStroke","enable":true,"capStyle":"Round","joinStyle":"Round","lineStyle3D":"Strip","miterLimit":10,"width":0.69999999999999996,"color":{"type":"CIMRGBColor","values":[110,110,110,100]}},{"type":"CIMSolidFill","enable":true,"color":{"type":"CIMRGBColor","values":[179.240000000000009,198.77000000000001,252.449999999999989,100]}}]}}},"scaleSymbols":true,"snappable":true}]}</LayerFile></DataProperties><SyncDate>20200917</SyncDate><SyncTime>11152000</SyncTime><ModDate>20200917</ModDate><ModTime>11152000</ModTime></Esri><dataIdInfo><envirDesc Sync="TRUE">Microsoft Windows 10 Version 10.0 (Build 17763) ; Esri ArcGIS 12.6.1.24783</envirDesc><dataLang><languageCode value="eng" Sync="TRUE"></languageCode><countryCode value="GBR" Sync="TRUE"></countryCode></dataLang><idCitation><resTitle Sync="TRUE">76022</resTitle><presForm><PresFormCd value="005" Sync="TRUE"></PresFormCd></presForm></idCitation><spatRpType><SpatRepTypCd value="001" Sync="TRUE"></SpatRepTypCd></spatRpType><dataExt><geoEle><GeoBndBox esriExtentType="search"><exTypeCode Sync="TRUE">1</exTypeCode><westBL Sync="TRUE">-9.167122</westBL><eastBL Sync="TRUE">2.473076</eastBL><northBL Sync="TRUE">60.323525</northBL><southBL Sync="TRUE">50.011944</southBL></GeoBndBox></geoEle></dataExt></dataIdInfo><mdLang><languageCode value="eng" Sync="TRUE"></languageCode><countryCode value="GBR" Sync="TRUE"></countryCode></mdLang><distInfo><distFormat><formatName Sync="TRUE">Shapefile</formatName></distFormat><distTranOps><transSize Sync="TRUE">0.000</transSize></distTranOps></distInfo><mdHrLv><ScopeCd value="005" Sync="TRUE"></ScopeCd></mdHrLv><mdHrLvName Sync="TRUE">dataset</mdHrLvName><refSysInfo><RefSystem><refSysID><identCode code="27700" Sync="TRUE"></identCode><idCodeSpace Sync="TRUE">EPSG</idCodeSpace><idVersion Sync="TRUE">8.9.5(3.0.1)</idVersion></refSysID></RefSystem></refSysInfo><spatRepInfo><VectSpatRep><geometObjs Name="76022"><geoObjTyp><GeoObjTypCd value="002" Sync="TRUE"></GeoObjTypCd></geoObjTyp><geoObjCnt Sync="TRUE">0</geoObjCnt></geometObjs><topLvl><TopoLevCd value="001" Sync="TRUE"></TopoLevCd></topLvl></VectSpatRep></spatRepInfo><spdoinfo><ptvctinf><esriterm Name="76022"><efeatyp Sync="TRUE">Simple</efeatyp><efeageom code="4" Sync="TRUE"></efeageom><esritopo Sync="TRUE">FALSE</esritopo><efeacnt Sync="TRUE">0</efeacnt><spindex Sync="TRUE">FALSE</spindex><linrefer Sync="TRUE">FALSE</linrefer></esriterm></ptvctinf></spdoinfo><eainfo><detailed Name="76022"><enttyp><enttypl Sync="TRUE">76022</enttypl><enttypt Sync="TRUE">Feature Class</enttypt><enttypc Sync="TRUE">0</enttypc></enttyp><attr><attrlabl Sync="TRUE">FID</attrlabl><attalias Sync="TRUE">FID</attalias><attrtype Sync="TRUE">OID</attrtype><attwidth Sync="TRUE">4</attwidth><atprecis Sync="TRUE">0</atprecis><attscale Sync="TRUE">0</attscale><attrdef Sync="TRUE">Internal feature number.</attrdef><attrdefs Sync="TRUE">Esri</attrdefs><attrdomv><udom Sync="TRUE">Sequential unique whole numbers that are automatically generated.</udom></attrdomv></attr><attr><attrlabl Sync="TRUE">Shape</attrlabl><attalias Sync="TRUE">Shape</attalias><attrtype Sync="TRUE">Geometry</attrtype><attwidth Sync="TRUE">0</attwidth><atprecis Sync="TRUE">0</atprecis><attscale Sync="TRUE">0</attscale><attrdef Sync="TRUE">Feature geometry.</attrdef><attrdefs Sync="TRUE">Esri</attrdefs><attrdomv><udom Sync="TRUE">Coordinates defining the features.</udom></attrdomv></attr><attr><attrlabl Sync="TRUE">zn</attrlabl><attalias Sync="TRUE">ZN</attalias><attrtype Sync="TRUE">Integer</attrtype><attwidth Sync="TRUE">10</attwidth><atprecis Sync="TRUE">10</atprecis><attscale Sync="TRUE">0</attscale></attr><attr><attrlabl Sync="TRUE">east</attrlabl><attalias Sync="TRUE">EAST</attalias><attrtype Sync="TRUE">Integer</attrtype><attwidth Sync="TRUE">10</attwidth><atprecis Sync="TRUE">10</atprecis><attscale Sync="TRUE">0</attscale></attr><attr><attrlabl Sync="TRUE">north</attrlabl><attalias Sync="TRUE">NORTH</attalias><attrtype Sync="TRUE">Integer</attrtype><attwidth Sync="TRUE">10</attwidth><atprecis Sync="TRUE">10</atprecis><attscale Sync="TRUE">0</attscale></attr><attr><attrlabl Sync="TRUE">ceast</attrlabl><attalias Sync="TRUE">CEAST</attalias><attrtype Sync="TRUE">Integer</attrtype><attwidth Sync="TRUE">10</attwidth><atprecis Sync="TRUE">10</atprecis><attscale Sync="TRUE">0</attscale></attr><attr><attrlabl Sync="TRUE">cnorth</attrlabl><attalias Sync="TRUE">CNORTH</attalias><attrtype Sync="TRUE">Integer</attrtype><attwidth Sync="TRUE">10</attwidth><atprecis Sync="TRUE">10</atprecis><attscale Sync="TRUE">0</attscale></attr><attr><attrlabl Sync="TRUE">kmsq</attrlabl><attalias Sync="TRUE">KMSQ</attalias><attrtype Sync="TRUE">Double</attrtype><attwidth Sync="TRUE">19</attwidth><atprecis Sync="TRUE">18</atprecis><attscale Sync="TRUE">8</attscale></attr><attr><attrlabl Sync="TRUE">sr41</attrlabl><attalias Sync="TRUE">SR41</attalias><attrtype Sync="TRUE">Integer</attrtype><attwidth Sync="TRUE">10</attwidth><atprecis Sync="TRUE">10</atprecis><attscale Sync="TRUE">0</attscale></attr><attr><attrlabl Sync="TRUE">sr61</attrlabl><attalias Sync="TRUE">SR61</attalias><attrtype Sync="TRUE">Integer</attrtype><attwidth Sync="TRUE">10</attwidth><atprecis Sync="TRUE">10</atprecis><attscale Sync="TRUE">0</attscale></attr><attr><attrlabl Sync="TRUE">pote</attrlabl><attalias Sync="TRUE">POTE</attalias><attrtype Sync="TRUE">Integer</attrtype><attwidth Sync="TRUE">10</attwidth><atprecis Sync="TRUE">10</atprecis><attscale Sync="TRUE">0</attscale></attr><attr><attrlabl Sync="TRUE">ae41</attrlabl><attalias Sync="TRUE">AE41</attalias><attrtype Sync="TRUE">Integer</attrtype><attwidth Sync="TRUE">10</attwidth><atprecis Sync="TRUE">10</atprecis><attscale Sync="TRUE">0</attscale></attr><attr><attrlabl Sync="TRUE">ae61</attrlabl><attalias Sync="TRUE">AE61</attalias><attrtype Sync="TRUE">Integer</attrtype><attwidth Sync="TRUE">10</attwidth><atprecis Sync="TRUE">10</atprecis><attscale Sync="TRUE">0</attscale></attr><attr><attrlabl Sync="TRUE">ro41</attrlabl><attalias Sync="TRUE">RO41</attalias><attrtype Sync="TRUE">Integer</attrtype><attwidth Sync="TRUE">10</attwidth><atprecis Sync="TRUE">10</atprecis><attscale Sync="TRUE">0</attscale></attr><attr><attrlabl Sync="TRUE">ro61</attrlabl><attalias Sync="TRUE">RO61</attalias><attrtype Sync="TRUE">Integer</attrtype><attwidth Sync="TRUE">10</attwidth><atprecis Sync="TRUE">10</atprecis><attscale Sync="TRUE">0</attscale></attr><attr><attrlabl Sync="TRUE">flow41</attrlabl><attalias Sync="TRUE">FLOW41</attalias><attrtype Sync="TRUE">Double</attrtype><attwidth Sync="TRUE">19</attwidth><atprecis Sync="TRUE">18</atprecis><attscale Sync="TRUE">8</attscale></attr><attr><attrlabl Sync="TRUE">flow61</attrlabl><attalias Sync="TRUE">FLOW61</attalias><attrtype Sync="TRUE">Double</attrtype><attwidth Sync="TRUE">19</attwidth><atprecis Sync="TRUE">18</atprecis><attscale Sync="TRUE">8</attscale></attr><attr><attrlabl Sync="TRUE">msg</attrlabl><attalias Sync="TRUE">MSG</attalias><attrtype Sync="TRUE">String</attrtype><attwidth Sync="TRUE">200</attwidth><atprecis Sync="TRUE">0</atprecis><attscale Sync="TRUE">0</attscale></attr><attr><attrlabl Sync="TRUE">STATION</attrlabl><attalias Sync="TRUE">STATION</attalias><attrtype Sync="TRUE">Integer</attrtype><attwidth Sync="TRUE">10</attwidth><atprecis Sync="TRUE">10</atprecis><attscale Sync="TRUE">0</attscale></attr><attr><attrlabl Sync="TRUE">isSpecial</attrlabl><attalias Sync="TRUE">ISSPECIAL</attalias><attrtype Sync="TRUE">Integer</attrtype><attwidth Sync="TRUE">10</attwidth><atprecis Sync="TRUE">10</atprecis><attscale Sync="TRUE">0</attscale></attr><attr><attrlabl Sync="TRUE">IDO</attrlabl><attalias Sync="TRUE">IDO</attalias><attrtype Sync="TRUE">Integer</attrtype><attwidth Sync="TRUE">10</attwidth><atprecis Sync="TRUE">10</atprecis><attscale Sync="TRUE">0</attscale></attr><attr><attrlabl Sync="TRUE">ID_STRING</attrlabl><attalias Sync="TRUE">ID_STRING</attalias><attrtype Sync="TRUE">String</attrtype><attwidth Sync="TRUE">15</attwidth><atprecis Sync="TRUE">0</atprecis><attscale Sync="TRUE">0</attscale></attr><attr><attrlabl Sync="TRUE">ID</attrlabl><attalias Sync="TRUE">ID</attalias><attrtype Sync="TRUE">Double</attrtype><attwidth Sync="TRUE">19</attwidth><atprecis Sync="TRUE">18</atprecis><attscale Sync="TRUE">8</attscale></attr><attr><attrlabl Sync="TRUE">HA</attrlabl><attalias Sync="TRUE">HA</attalias><attrtype Sync="TRUE">Integer</attrtype><attwidth Sync="TRUE">10</attwidth><atprecis Sync="TRUE">10</atprecis><attscale Sync="TRUE">0</attscale></attr></detailed></eainfo><mdDateSt Sync="TRUE">20200917</mdDateSt><mdChar><CharSetCd value="004" Sync="TRUE"></CharSetCd></mdChar></metadata>
